title,body,category,userId,thumnailImageUrl,subCategory
테스트,테스트 내용,home,1,https://k.kakaocdn.net/dn/c69vvJ/btsHVFsAB83/B9oh49KtuIyzj8P7dXOk11/img_640x640.jpg,home
테스트,테스트 내용,job_listings,2,https://k.kakaocdn.net/dn/c69vvJ/btsHVFsAB83/B9oh49KtuIyzj8P7dXOk11/img_640x640.jpg,home
테스트,테스트 내용,used_goods,3,https://k.kakaocdn.net/dn/c69vvJ/btsHVFsAB83/B9oh49KtuIyzj8P7dXOk11/img_640x640.jpg,home
테스트,테스트 내용,real_estate,4,https://k.kakaocdn.net/dn/c69vvJ/btsHVFsAB83/B9oh49KtuIyzj8P7dXOk11/img_640x640.jpg,home
테스트,테스트 내용,pickup_moving,5,https://k.kakaocdn.net/dn/c69vvJ/btsHVFsAB83/B9oh49KtuIyzj8P7dXOk11/img_640x640.jpg,home
테스트,테스트 내용,chat,6,https://k.kakaocdn.net/dn/c69vvJ/btsHVFsAB83/B9oh49KtuIyzj8P7dXOk11/img_640x640.jpg,home
테스트,테스트 내용,qna,7,https://k.kakaocdn.net/dn/c69vvJ/btsHVFsAB83/B9oh49KtuIyzj8P7dXOk11/img_640x640.jpg,home
테스트,테스트 내용,meetings,8,https://k.kakaocdn.net/dn/c69vvJ/btsHVFsAB83/B9oh49KtuIyzj8P7dXOk11/img_640x640.jpg,home
테스트,테스트 내용,currency_exchange,9,https://k.kakaocdn.net/dn/c69vvJ/btsHVFsAB83/B9oh49KtuIyzj8P7dXOk11/img_640x640.jpg,home
테스트,테스트 내용,business_meetings,10,https://k.kakaocdn.net/dn/c69vvJ/btsHVFsAB83/B9oh49KtuIyzj8P7dXOk11/img_640x640.jpg,home
테스트,테스트 내용,home,11,https://k.kakaocdn.net/dn/c69vvJ/btsHVFsAB83/B9oh49KtuIyzj8P7dXOk11/img_640x640.jpg,home
테스트,테스트 내용,job_listings,12,https://k.kakaocdn.net/dn/c69vvJ/btsHVFsAB83/B9oh49KtuIyzj8P7dXOk11/img_640x640.jpg,home
테스트,테스트 내용,used_goods,12,https://k.kakaocdn.net/dn/c69vvJ/btsHVFsAB83/B9oh49KtuIyzj8P7dXOk11/img_640x640.jpg,home
테스트,테스트 내용,real_estate,14,https://k.kakaocdn.net/dn/c69vvJ/btsHVFsAB83/B9oh49KtuIyzj8P7dXOk11/img_640x640.jpg,home
테스트,테스트 내용,pickup_moving,15,https://k.kakaocdn.net/dn/c69vvJ/btsHVFsAB83/B9oh49KtuIyzj8P7dXOk11/img_640x640.jpg,home
테스트,테스트 내용,chat,16,https://k.kakaocdn.net/dn/c69vvJ/btsHVFsAB83/B9oh49KtuIyzj8P7dXOk11/img_640x640.jpg,home
테스트,테스트 내용,qna,12,https://k.kakaocdn.net/dn/c69vvJ/btsHVFsAB83/B9oh49KtuIyzj8P7dXOk11/img_640x640.jpg,home
테스트,테스트 내용,meetings,12,https://k.kakaocdn.net/dn/c69vvJ/btsHVFsAB83/B9oh49KtuIyzj8P7dXOk11/img_640x640.jpg,home
테스트,테스트 내용,currency_exchange,14,https://k.kakaocdn.net/dn/c69vvJ/btsHVFsAB83/B9oh49KtuIyzj8P7dXOk11/img_640x640.jpg,home
테스트,테스트 내용,business_meetings,15,https://k.kakaocdn.net/dn/c69vvJ/btsHVFsAB83/B9oh49KtuIyzj8P7dXOk11/img_640x640.jpg,home